Workbook

Sheet Population change 2018 to 2024
A1: Municipality | B1: Population between 20 and 64 in 2018 | C1: Population between 20 and 64 in 2024 | D1: Population between 20 and 64 change from 2018 to 2024
A2: Bever | B2: 411 | C2: 422 | D2: =C2/B2 -> 1.026764
A3: Bregaglia | B3: 895 | C3: 852 | D3: =C3/B3 -> 0.95195531
A4: Celerina/Schlarigna | B4: 1041 | C4: 949 | D4: =C4/B4 -> 0.91162344
A5: La Punt Chamues-ch | B5: 474 | C5: 457 | D5: =C5/B5 -> 0.96413502
A6: Madulain | B6: 125 | C6: 115 | D6: =C6/B6 -> 0.92
A7: Pontresina | B7: 1615 | C7: 1540 | D7: =C7/B7 -> 0.95356037
A8: S-chanf | B8: 416 | C8: 446 | D8: =C8/B8 -> 1.0721154
A9: Samedan | B9: 1924 | C9: 1920 | D9: =C9/B9 -> 0.997921
A10: Sils im Engadin/Segl | B10: 539 | C10: 514 | D10: =C10/B10 -> 0.95361781
A11: Silvaplana | B11: 771 | C11: 760 | D11: =C11/B11 -> 0.98573281
A12: St. Moritz | B12: 4488 | C12: 4832 | D12: =C12/B12 -> 1.0766488
A13: Zuoz | B13: 723 | C13: 691 | D13: =C13/B13 -> 0.95573997

Sheet Laborforce adjustment
A1: Home Municipality | B1: Work Municipality | C1: Number of people traveling between the home and work municipality for work in 2018 | D1: Number of people traveling between the home and work municipality for work in 2024 estimated based on population changes | E1: Assumed share of the population using public transportation for their work commute | F1: Assumed number of people using public transportation for their work commute | G1: Commute between municipalities in the study area | H1: Commute between the home municipality inside the study area and a destination to the east (to St. Moritz Sink) | I1: Total population going from their home municipality inside the study area to the St. Moritz Sink on their way to work by municipality | J1: Commute between a home municipality outside the study area and a destination in the study area (from St. Moritz Sink) | L1: Total population going to a municipality inside the study area from the the St. Moritz Sink on their way to work by municipality | M1: Work Municipality
A2: Vaz/Obervaz (home) | B2: St. Moritz (work) | C2: 6 | E2: 0.2 | F2: =C2*E2 -> 1.2 | J2: yes | L2: =(F2+F4+F9+F13+F14+F20+F24+F31+F41+F50+F58+F68+F78+F109+F139+F155+F158)/2 -> 124.67552 | M2: St. Moritz (work)
A3: Surses (home) | B3: Samedan (work) | C3: 5 | F3: =C3*E3 -> 0 | L3: =(F5+F30+F43+F60+F81+F141) -> 33.425359 | M3: Silvaplana (work)
A4: Surses (home) | B4: St. Moritz (work) | C4: 13 | E4: 0.2 | F4: =C4*E4 -> 2.6 | J4: yes | L4: =(F42+F59+F80) -> 6.6896116 | M4: Sils im Engadin/Segl (work)
A5: Surses (home) | B5: Silvaplana (work) | C5: 7 | E5: 0.2 | F5: =C5*E5 -> 1.4 | J5: yes | L5: =(F6) -> 1 | M5: Bregaglia (work)
A6: Surses (home) | B6: Bregaglia (work) | C6: 5 | E6: 0.2 | F6: =C6*E6 -> 1 | J6: yes
A7: Brusio (home) | B7: Pontresina (work) | C7: 9 | F7: =C7*E7 -> 0
A8: Brusio (home) | B8: Samedan (work) | C8: 27 | F8: =C8*E8 -> 0
A9: Brusio (home) | B9: St. Moritz (work) | C9: 27 | E9: 0.2 | F9: =C9*E9 -> 5.4 | J9: yes
A10: Poschiavo (home) | B10: Celerina/Schlarigna (work) | C10: 6 | F10: =C10*E10 -> 0
A11: Poschiavo (home) | B11: Pontresina (work) | C11: 56 | F11: =C11*E11 -> 0
A12: Poschiavo (home) | B12: Samedan (work) | C12: 45 | F12: =C12*E12 -> 0
A13: Poschiavo (home) | B13: St. Moritz (work) | C13: 55 | E13: 0.2 | F13: =C13*E13 -> 11 | J13: yes
A14: Domat/Ems (home) | B14: St. Moritz (work) | C14: 8 | E14: 0.2 | F14: =C14*E14 -> 1.6 | J14: yes
A15: Zernez (home) | B15: Bever (work) | C15: 8 | F15: =C15*E15 -> 0
A16: Zernez (home) | B16: Celerina/Schlarigna (work) | C16: 5 | F16: =C16*E16 -> 0
A17: Zernez (home) | B17: Pontresina (work) | C17: 9 | F17: =C17*E17 -> 0
A18: Zernez (home) | B18: La Punt Chamues-ch (work) | C18: 5 | F18: =C18*E18 -> 0
A19: Zernez (home) | B19: Samedan (work) | C19: 49 | F19: =C19*E19 -> 0
A20: Zernez (home) | B20: St. Moritz (work) | C20: 43 | E20: 0.2 | F20: =C20*E20 -> 8.6 | J20: yes
A21: Zernez (home) | B21: S-chanf (work) | C21: 17 | F21: =C21*E21 -> 0
A22: Zernez (home) | B22: Zuoz (work) | C22: 41 | F22: =C22*E22 -> 0
A23: Scuol (home) | B23: Samedan (work) | C23: 19 | F23: =C23*E23 -> 0
A24: Scuol (home) | B24: St. Moritz (work) | C24: 41 | E24: 0.2 | F24: =C24*E24 -> 8.2 | J24: yes
A25: Scuol (home) | B25: Zuoz (work) | C25: 15 | F25: =C25*E25 -> 0
A26: Bever (home) | B26: Thusis (work) | C26: 5 | D26: ='Population change 2018 to 2024'!$D$2*'Laborforce adjustment'!C26 -> 5.13382 | E26: 0.2 | F26: =E26*D26 -> 1.026764
A27: Bever (home) | B27: Bever (work) | C27: 113 | D27: ='Population change 2018 to 2024'!$D$2*'Laborforce adjustment'!C27 -> 116.02433 | F27: =E27*D27 -> 0
A28: Bever (home) | B28: Celerina/Schlarigna (work) | C28: 7 | D28: ='Population change 2018 to 2024'!$D$2*'Laborforce adjustment'!C28 -> 7.1873479 | E28: 0.2 | F28: =E28*D28 -> 1.4374696
A29: Bever (home) | B29: Pontresina (work) | C29: 25 | D29: ='Population change 2018 to 2024'!$D$2*'Laborforce adjustment'!C29 -> 25.6691 | E29: 0.2 | F29: =E29*D29 -> 5.13382
A30: Bever (home) | B30: Samedan (work) | C30: 88 | D30: ='Population change 2018 to 2024'!$D$2*'Laborforce adjustment'!C30 -> 90.355231 | E30: 0.2 | F30: =E30*D30 -> 18.071046
A31: Bever (home) | B31: St. Moritz (work) | C31: 49 | D31: ='Population change 2018 to 2024'!$D$2*'Laborforce adjustment'!C31 -> 50.311436 | E31: 0.2 | F31: =E31*D31 -> 10.062287 | J31: yes
A32: Bever (home) | B32: Silvaplana (work) | C32: 9 | D32: ='Population change 2018 to 2024'!$D$2*'Laborforce adjustment'!C32 -> 9.2408759 | E32: 0.2 | F32: =E32*D32 -> 1.8481752 | J32: yes
A33: Bever (home) | B33: Zuoz (work) | C33: 8 | D33: ='Population change 2018 to 2024'!$D$2*'Laborforce adjustment'!C33 -> 8.2141119 | E33: 0.2 | F33: =E33*D33 -> 1.6428224
A34: Bever (home) | B34: Chur (work) | C34: 7 | D34: ='Population change 2018 to 2024'!$D$2*'Laborforce adjustment'!C34 -> 7.1873479 | E34: 0.2 | F34: =E34*D34 -> 1.4374696
A35: Bever (home) | B35: Unknown (work) | C35: 14 | D35: ='Population change 2018 to 2024'!$D$2*'Laborforce adjustment'!C35 -> 14.374696 | E35: 0.2 | F35: =E35*D35 -> 2.8749392
A36: Bever (home) | B36: Unknown (work) | C36: 4 | D36: ='Population change 2018 to 2024'!$D$2*'Laborforce adjustment'!C36 -> 4.107056 | E36: 0.2 | F36: =E36*D36 -> 0.82141119
A37: Celerina/Schlarigna (home) | B37: Unknown (work) | C37: 5 | D37: ='Population change 2018 to 2024'!$D$4*C37 -> 4.5581172 | E37: 0.2 | F37: =E37*D37 -> 0.91162344
A38: Celerina/Schlarigna (home) | B38: Celerina/Schlarigna (work) | C38: 349 | D38: ='Population change 2018 to 2024'!$D$4*C38 -> 318.15658 | F38: =E38*D38 -> 0
A39: Celerina/Schlarigna (home) | B39: Pontresina (work) | C39: 45 | D39: ='Population change 2018 to 2024'!$D$4*C39 -> 41.023055 | E39: 0.2 | F39: =E39*D39 -> 8.204611
A40: Celerina/Schlarigna (home) | B40: Samedan (work) | C40: 124 | D40: ='Population change 2018 to 2024'!$D$4*C40 -> 113.04131 | E40: 0.2 | F40: =E40*D40 -> 22.608261
A41: Celerina/Schlarigna (home) | B41: St. Moritz (work) | C41: 272 | D41: ='Population change 2018 to 2024'!$D$4*C41 -> 247.96158 | E41: 0.2 | F41: =E41*D41 -> 49.592315 | J41: yes
A42: Celerina/Schlarigna (home) | B42: Sils im Engadin/Segl (work) | C42: 12 | D42: ='Population change 2018 to 2024'!$D$4*C42 -> 10.939481 | E42: 0.2 | F42: =E42*D42 -> 2.1878963 | J42: yes
A43: Celerina/Schlarigna (home) | B43: Silvaplana (work) | C43: 22 | D43: ='Population change 2018 to 2024'!$D$4*C43 -> 20.055716 | E43: 0.2 | F43: =E43*D43 -> 4.0111431 | J43: yes
A44: Celerina/Schlarigna (home) | B44: Zuoz (work) | C44: 11 | D44: ='Population change 2018 to 2024'!$D$4*C44 -> 10.027858 | E44: 0.2 | F44: =E44*D44 -> 2.0055716
A45: Celerina/Schlarigna (home) | B45: Chur (work) | C45: 11 | D45: ='Population change 2018 to 2024'!$D$4*C45 -> 10.027858 | E45: 0.2 | F45: =E45*D45 -> 2.0055716
A46: Celerina/Schlarigna (home) | B46: Unknown (work) | C46: 19 | D46: ='Population change 2018 to 2024'!$D$4*C46 -> 17.320845 | E46: 0.2 | F46: =E46*D46 -> 3.4641691
A47: Madulain (home) | B47: Madulain (work) | C47: 25 | D47: ='Population change 2018 to 2024'!$D$6*C47 -> 23 | F47: =E47*D47 -> 0
A48: Madulain (home) | B48: Pontresina (work) | C48: 8 | D48: ='Population change 2018 to 2024'!$D$6*C48 -> 7.36 | F48: =E48*D48 -> 0
A49: Madulain (home) | B49: Samedan (work) | C49: 31 | D49: ='Population change 2018 to 2024'!$D$6*C49 -> 28.52 | F49: =E49*D49 -> 0
A50: Madulain (home) | B50: St. Moritz (work) | C50: 13 | D50: ='Population change 2018 to 2024'!$D$6*C50 -> 11.96 | E50: 0.2 | F50: =E50*D50 -> 2.392 | J50: yes
A51: Madulain (home) | B51: Zuoz (work) | C51: 16 | D51: ='Population change 2018 to 2024'!$D$6*C51 -> 14.72 | F51: =E51*D51 -> 0
A52: Madulain (home) | B52: Unknown (work) | C52: 19 | D52: ='Population change 2018 to 2024'!$D$6*C52 -> 17.48 | F52: =E52*D52 -> 0
A53: Pontresina (home) | B53: Bever (work) | C53: 5 | D53: ='Population change 2018 to 2024'!$D$7*'Laborforce adjustment'!C53 -> 4.7678019 | E53: 0.2 | F53: =E53*D53 -> 0.95356037
A54: Pontresina (home) | B54: Celerina/Schlarigna (work) | C54: 67 | D54: ='Population change 2018 to 2024'!$D$7*'Laborforce adjustment'!C54 -> 63.888545 | E54: 0.2 | F54: =E54*D54 -> 12.777709
A55: Pontresina (home) | B55: Pontresina (work) | C55: 915 | D55: ='Population change 2018 to 2024'!$D$7*'Laborforce adjustment'!C55 -> 872.50774 | E55: 0.02 | F55: =E55*D55 -> 17.450155
A56: Pontresina (home) | B56: La Punt Chamues-ch (work) | C56: 6 | D56: ='Population change 2018 to 2024'!$D$7*'Laborforce adjustment'!C56 -> 5.7213622 | E56: 0.2 | F56: =E56*D56 -> 1.1442724
A57: Pontresina (home) | B57: Samedan (work) | C57: 138 | D57: ='Population change 2018 to 2024'!$D$7*'Laborforce adjustment'!C57 -> 131.59133 | E57: 0.2 | F57: =E57*D57 -> 26.318266
A58: Pontresina (home) | B58: St. Moritz (work) | C58: 222 | D58: ='Population change 2018 to 2024'!$D$7*'Laborforce adjustment'!C58 -> 211.6904 | E58: 0.2 | F58: =E58*D58 -> 42.33808 | J58: yes
A59: Pontresina (home) | B59: Sils im Engadin/Segl (work) | C59: 10 | D59: ='Population change 2018 to 2024'!$D$7*'Laborforce adjustment'!C59 -> 9.5356037 | E59: 0.2 | F59: =E59*D59 -> 1.9071207 | J59: yes
A60: Pontresina (home) | B60: Silvaplana (work) | C60: 18 | D60: ='Population change 2018 to 2024'!$D$7*'Laborforce adjustment'!C60 -> 17.164087 | E60: 0.2 | F60: =E60*D60 -> 3.4328173 | J60: yes
A61: Pontresina (home) | B61: Zuoz (work) | C61: 18 | D61: ='Population change 2018 to 2024'!$D$7*'Laborforce adjustment'!C61 -> 17.164087 | E61: 0.2 | F61: =E61*D61 -> 3.4328173
A62: Pontresina (home) | B62: Chur (work) | C62: 13 | D62: ='Population change 2018 to 2024'!$D$7*'Laborforce adjustment'!C62 -> 12.396285 | E62: 0.2 | F62: =E62*D62 -> 2.479257
A63: Pontresina (home) | B63: Unknown (work) | C63: 24 | D63: ='Population change 2018 to 2024'!$D$7*'Laborforce adjustment'!C63 -> 22.885449 | E63: 0.2 | F63: =E63*D63 -> 4.5770898
A64: La Punt Chamues-ch (home) | B64: Bever (work) | C64: 13 | D64: ='Population change 2018 to 2024'!$D$5*C64 -> 12.533755 | E64: 0.2 | F64: =E64*D64 -> 2.5067511
A65: La Punt Chamues-ch (home) | B65: Pontresina (work) | C65: 16 | D65: ='Population change 2018 to 2024'!$D$5*C65 -> 15.42616 | E65: 0.2 | F65: =E65*D65 -> 3.0852321
A66: La Punt Chamues-ch (home) | B66: La Punt Chamues-ch (work) | C66: 117 | D66: ='Population change 2018 to 2024'!$D$5*C66 -> 112.8038 | E66: 0.02 | F66: =E66*D66 -> 2.2560759
A67: La Punt Chamues-ch (home) | B67: Samedan (work) | C67: 87 | D67: ='Population change 2018 to 2024'!$D$5*C67 -> 83.879747 | E67: 0.2 | F67: =E67*D67 -> 16.775949
A68: La Punt Chamues-ch (home) | B68: St. Moritz (work) | C68: 62 | D68: ='Population change 2018 to 2024'!$D$5*C68 -> 59.776371 | E68: 0.2 | F68: =E68*D68 -> 11.955274 | J68: yes
A69: La Punt Chamues-ch (home) | B69: Zuoz (work) | C69: 12 | D69: ='Population change 2018 to 2024'!$D$5*C69 -> 11.56962 | E69: 0.2 | F69: =E69*D69 -> 2.3139241
A70: La Punt Chamues-ch (home) | B70: Unknown (work) | C70: 35 | D70: ='Population change 2018 to 2024'!$D$5*C70 -> 33.744726 | E70: 0.2 | F70: =E70*D70 -> 6.7489451
A71: Samedan (home) | B71: Zernez (work) | C71: 16 | D71: ='Population change 2018 to 2024'!$D$9*'Laborforce adjustment'!C71 -> 15.966736 | E71: 0.2 | F71: =E71*D71 -> 3.1933472
A72: Samedan (home) | B72: Scuol (work) | C72: 9 | D72: ='Population change 2018 to 2024'!$D$9*'Laborforce adjustment'!C72 -> 8.981289 | E72: 0.2 | F72: =E72*D72 -> 1.7962578
A73: Samedan (home) | B73: Bever (work) | C73: 43 | D73: ='Population change 2018 to 2024'!$D$9*'Laborforce adjustment'!C73 -> 42.910603 | E73: 0.2 | F73: =E73*D73 -> 8.5821206
A74: Samedan (home) | B74: Celerina/Schlarigna (work) | C74: 57 | D74: ='Population change 2018 to 2024'!$D$9*'Laborforce adjustment'!C74 -> 56.881497 | E74: 0.2 | F74: =E74*D74 -> 11.376299
A75: Samedan (home) | B75: Pontresina (work) | C75: 121 | D75: ='Population change 2018 to 2024'!$D$9*'Laborforce adjustment'!C75 -> 120.74844 | E75: 0.2 | F75: =E75*D75 -> 24.149688
A76: Samedan (home) | B76: La Punt Chamues-ch (work) | C76: 13 | D76: ='Population change 2018 to 2024'!$D$9*'Laborforce adjustment'!C76 -> 12.972973 | E76: 0.2 | F76: =E76*D76 -> 2.5945946
A77: Samedan (home) | B77: Samedan (work) | C77: 1081 | D77: ='Population change 2018 to 2024'!$D$9*'Laborforce adjustment'!C77 -> 1078.7526 | E77: 0.02 | F77: =E77*D77 -> 21.575052
A78: Samedan (home) | B78: St. Moritz (work) | C78: 350 | D78: ='Population change 2018 to 2024'!$D$9*'Laborforce adjustment'!C78 -> 349.27235 | E78: 0.2 | F78: =E78*D78 -> 69.85447 | J78: yes
A79: Samedan (home) | B79: S-chanf (work) | C79: 9 | D79: ='Population change 2018 to 2024'!$D$9*'Laborforce adjustment'!C79 -> 8.981289 | E79: 0.2 | F79: =E79*D79 -> 1.7962578
A80: Samedan (home) | B80: Sils im Engadin/Segl (work) | C80: 13 | D80: ='Population change 2018 to 2024'!$D$9*'Laborforce adjustment'!C80 -> 12.972973 | E80: 0.2 | F80: =E80*D80 -> 2.5945946 | J80: yes
A81: Samedan (home) | B81: Silvaplana (work) | C81: 24 | D81: ='Population change 2018 to 2024'!$D$9*'Laborforce adjustment'!C81 -> 23.950104 | E81: 0.2 | F81: =E81*D81 -> 4.7900208 | J81: yes
A82: Samedan (home) | B82: Zuoz (work) | C82: 33 | D82: ='Population change 2018 to 2024'!$D$9*'Laborforce adjustment'!C82 -> 32.931393 | E82: 0.2 | F82: =E82*D82 -> 6.5862786
A83: Samedan (home) | B83: Davos (work) | C83: 5 | D83: ='Population change 2018 to 2024'!$D$9*'Laborforce adjustment'!C83 -> 4.989605 | E83: 0.2 | F83: =E83*D83 -> 0.997921
A84: Samedan (home) | B84: Chur (work) | C84: 20 | D84: ='Population change 2018 to 2024'!$D$9*'Laborforce adjustment'!C84 -> 19.95842 | E84: 0.2 | F84: =E84*D84 -> 3.991684
A85: Samedan (home) | B85: Landquart (work) | C85: 6 | D85: ='Population change 2018 to 2024'!$D$9*'Laborforce adjustment'!C85 -> 5.987526 | E85: 0.2 | F85: =E85*D85 -> 1.1975052
A86: Samedan (home) | B86: Unknown (work) | C86: 22 | D86: ='Population change 2018 to 2024'!$D$9*'Laborforce adjustment'!C86 -> 21.954262 | E86: 0.2 | F86: =E86*D86 -> 4.3908524
A87: Samedan (home) | B87: Unknown (work) | C87: 1 | D87: ='Population change 2018 to 2024'!$D$9*'Laborforce adjustment'!C87 -> 0.997921 | E87: 0.2 | F87: =E87*D87 -> 0.1995842
A88: St. Moritz (home) | B88: Zernez (work) | C88: 6 | D88: ='Population change 2018 to 2024'!$D$12*C88 -> 6.459893 | E88: 0.3 | F88: =E88*D88 -> 1.9379679 | H88: yes | I88: =(F88+F89+F90+F91+F92+F93+F97+F99+F100+F101)/2 -> 60.884492
A89: St. Moritz (home) | B89: Bever (work) | C89: 14 | D89: ='Population change 2018 to 2024'!$D$12*C89 -> 15.073084 | E89: 0.3 | F89: =E89*D89 -> 4.5219251 | H89: yes
A90: St. Moritz (home) | B90: Celerina/Schlarigna (work) | C90: 51 | D90: ='Population change 2018 to 2024'!$D$12*C90 -> 54.909091 | E90: 0.3 | F90: =E90*D90 -> 16.472727 | H90: yes
A91: St. Moritz (home) | B91: Pontresina (work) | C91: 73 | D91: ='Population change 2018 to 2024'!$D$12*C91 -> 78.595365 | E91: 0.3 | F91: =E91*D91 -> 23.57861 | H91: yes
A92: St. Moritz (home) | B92: La Punt Chamues-ch (work) | C92: 10 | D92: ='Population change 2018 to 2024'!$D$12*C92 -> 10.766488 | E92: 0.3 | F92: =E92*D92 -> 3.2299465 | H92: yes
A93: St. Moritz (home) | B93: Samedan (work) | C93: 136 | D93: ='Population change 2018 to 2024'!$D$12*C93 -> 146.42424 | E93: 0.3 | F93: =E93*D93 -> 43.927273 | H93: yes
A94: St. Moritz (home) | B94: St. Moritz (work) | C94: 3562 | D94: ='Population change 2018 to 2024'!$D$12*C94 -> 3835.0232 | E94: 0.05 | F94: =E94*D94 -> 191.75116
A95: St. Moritz (home) | B95: Sils im Engadin/Segl (work) | C95: 40 | D95: ='Population change 2018 to 2024'!$D$12*C95 -> 43.065954 | E95: 0.3 | F95: =E95*D95 -> 12.919786 | G95: yes
A96: St. Moritz (home) | B96: Silvaplana (work) | C96: 107 | D96: ='Population change 2018 to 2024'!$D$12*C96 -> 115.20143 | E96: 0.3 | F96: =E96*D96 -> 34.560428 | G96: yes
A97: St. Moritz (home) | B97: Zuoz (work) | C97: 10 | D97: ='Population change 2018 to 2024'!$D$12*C97 -> 10.766488 | E97: 0.3 | F97: =E97*D97 -> 3.2299465 | H97: yes
A98: St. Moritz (home) | B98: Bregaglia (work) | C98: 9 | D98: ='Population change 2018 to 2024'!$D$12*C98 -> 9.6898396 | E98: 0.3 | F98: =E98*D98 -> 2.9069519 | G98: yes
A99: St. Moritz (home) | B99: Chur (work) | C99: 45 | D99: ='Population change 2018 to 2024'!$D$12*C99 -> 48.449198 | E99: 0.3 | F99: =E99*D99 -> 14.534759 | H99: yes
A100: St. Moritz (home) | B100: Unknown (work) | C100: 30 | D100: ='Population change 2018 to 2024'!$D$12*C100 -> 32.299465 | E100: 0.3 | F100: =E100*D100 -> 9.6898396 | H100: yes
...
